{
    "fx": 522.0654296875,
    "fy": 522.0654296875,
    "cx": 657.1317138671875,
    "cy": 350.2718811035156
}
